Date,Content,Content link,Influencer,Type,Tags,Estimated cost,CPM,Subscribers,Region,Promotion type,Engagement rate,Views,Likes,Comments
06/27/2025,"Why HEAVY Kettlebell Swings Are the Secret Weapon for Power, Resilience, & Speed (UNDERRATED!)",https://www.youtube.com/watch?v=zVNuU1SkqDE,Enkiri Elite Fitness,"Fitness,Health,Sports,Entertainment","fitness,bodybuilding,health,workout,enkirielitefitness",497,27.00,68100,美国,Suspected,0.1052,25761,1249,146
06/26/2025,Major Fitness Weight Plates: Which Makes the Most Sense for Your Home Gym?,https://www.youtube.com/shorts/zhQB2diqw_c,Luke’s Garage Gym,"Workout,Home,Travel,Health","fitness,budget,gym,gymequipment,titan",67,27.00,5580,美国,Suspected,0.0361,1220,24,2
06/24/2025,Home Gym Equipment with a LIFETIME Warranty??,https://www.youtube.com/shorts/-N5SLzhA-XE,Luke’s Garage Gym,"Workout,Home,Travel,Health","fitness,budget,gym,gymequipment,titan",67,27.00,5580,美国,Suspected,0.0398,1483,19,4
06/14/2025,3 TRUTHS About Front Squats That Most Lifters Get Wrong (#2 is KEY!),https://www.youtube.com/watch?v=C9suNrO9mTI,Enkiri Elite Fitness,"Fitness,Health,Sports,Entertainment","fitness,bodybuilding,health,workout,enkirielitefitness",497,27.00,68100,美国,Suspected,0.0482,15840,234,53
06/09/2025,The ULTIMATE Adjustable Bench!? RitFit BWB02 Review! (Most Versatile Bench I’ve Ever Used),https://www.youtube.com/watch?v=iIO3WKLzAwo,Enkiri Elite Fitness,"Fitness,Health,Sports,Entertainment","fitness,bodybuilding,health,workout,enkirielitefitness",497,27.00,68100,美国,Suspected,0.0159,33464,482,5
06/02/2025,"Weekend VLOG | Working Mom Life | Balancing Fitness, Family & Self Care",https://www.youtube.com/watch?v=nYyBP_bDioU,Life With Nathalie,"Fashion,Beauty,Clothing,Entertainment","fashion,beauty,clothing,entertainment,pregnancy",61,27.00,2120,美国,Suspected,2.7241,58,8,15
05/29/2025,"Life in my 40s | Balancing work, life, grief & gratitude",https://www.youtube.com/watch?v=SgXpK07tQds,Mikee Rogers,"Food,VLOG,Fashion,Home","food,vlog,vlogger,lgbt,mukbang",139,27.00,18600,美国,Suspected,0.3168,2724,173,69
05/24/2025,How to Build Savage Power in One Brutal Lift (Become a FREAK ATHLETE!),https://www.youtube.com/watch?v=aofT-S--yDY,Enkiri Elite Fitness,"Fitness,Health,Sports,Entertainment","fitness,bodybuilding,health,workout,enkirielitefitness",497,27.00,68100,美国,Suspected,0.2079,4348,254,65
05/23/2025,🔥RitFit Gazelle Pro Leg Press vs BLP01 Leg Press,https://www.youtube.com/watch?v=3xz0y35pjs4,RitFit.Sports,"Workout,Home,Health","fitness,home,workout,ritfit,homegym",100,27.00,4050,美国,Sponsored,0,353730,10,0
05/22/2025,Decluttering VLOG and getting rid of 80% of my clothes | Homeowner Diaries,https://www.youtube.com/watch?v=ZAWRgfIk29A,Mikee Rogers,"Food,VLOG,Fashion,Home","food,vlog,vlogger,lgbt,mukbang",139,27.00,18600,美国,Suspected,0.1861,5137,236,72
05/17/2025,Starting 75 Soft in my 40s (tough but rewarding),https://www.youtube.com/watch?v=YNTrm9MQy4g,Mikee Rogers,"Food,VLOG,Fashion,Home","food,vlog,vlogger,lgbt,mukbang",139,27.00,18600,美国,Suspected,0.2747,2592,152,56
05/17/2025,Leg Press for Hypertrophy? I Changed My Mind,https://www.youtube.com/watch?v=uU8HghjE9g8,Science Based Fitness,"Fitness,Health","fitness,health,lifestyle,science based fitness,gym",79,27.00,4390,美国,Suspected,0.0112,1513,17,0
05/15/2025,Heavy-Duty Bench with Adjustable Headrest | RitFit BWB02 Review,https://www.youtube.com/watch?v=GFHiotRt5Oc,Challenge Theory,"Health,Fitness,Sports","diet,transformation,fasting,health,lose weight",103,27.00,13200,美国,Suspected,0.1722,389,17,5
05/08/2025,Major Fitness F22 Pro Power Rack REVIEW (The Best Budget Rack Upgrade of 2025!?),https://www.youtube.com/watch?v=pX5Kq_MKZRs,Enkiri Elite Fitness,"Fitness,Health,Sports,Entertainment","fitness,bodybuilding,health,workout,enkirielitefitness",497,27.00,68100,美国,Suspected,0.0147,18546,83,19
05/08/2025,Redefining My 40s | Birthday Vlog,https://www.youtube.com/watch?v=iEVD9LHGuRQ,Mikee Rogers,"Food,VLOG,Fashion,Home","food,vlog,vlogger,lgbt,mukbang",139,27.00,18600,美国,Suspected,0.5767,2537,173,129
04/26/2025,Easter KBBQ Feast & the Most EXPENSIVE Pop Mart,https://www.youtube.com/watch?v=2aYel8xK8ac,Mikee Rogers,"Food,VLOG,Fashion,Home","food,vlog,vlogger,lgbt,mukbang",139,27.00,18600,美国,Suspected,0.3673,2352,154,71
04/24/2025,New arrivals | RitFit 3-Section Adjustable Weight Bench BWB02,https://www.youtube.com/watch?v=K-r1-oh1J_o,RitFit.Sports,"Workout,Home,Health","fitness,home,workout,ritfit,homegym",100,27.00,4050,美国,Sponsored,0.0893,291,6,2
04/24/2025,Ultimate Ritfit Gazelle Guide: Get Stronger Legs Fast,https://www.youtube.com/watch?v=qne7MS42YGA,Jeff Does What!,"DIY,Pets,Unboxing,Fishing","diy,pets,aquarium,fish,texas fish room",166,27.00,31200,美国,Suspected,0.0692,31319,2076,9
04/20/2025,Game Changer or Home Gym Mistake? RitFit Adjustable Weight Bench Review,https://www.youtube.com/watch?v=WHY80GI-9HM,Maguire’s Gym ,,,5,14.00,1950,其他,Suspected,0.1869,765,23,12
04/20/2025,RitFit Buffalo Smith Machine has you covered for a full-body workout 🔥,https://www.youtube.com/shorts/XQtkfOvaskA,RitFit.Sports,"Workout,Home,Health","fitness,home,workout,ritfit,homegym",100,27.00,4050,美国,Sponsored,0.0381,2809,97,1
04/16/2025,First Time Vlogging on Canon Powershot V1,https://www.youtube.com/watch?v=KSlF96fXr8g,Mikee Rogers,"Food,VLOG,Fashion,Home","food,vlog,vlogger,lgbt,mukbang",139,27.00,18600,美国,Suspected,0.1508,9784,335,114
04/13/2025,Don’t Make THIS Mistake Installing the RitFit M1 Weight Stack Set,https://www.youtube.com/watch?v=S70U5B2tjSs,Challenge Theory,"Health,Fitness,Sports","diet,transformation,fasting,health,lose weight",103,27.00,13200,美国,Suspected,0.2123,669,22,12
04/12/2025,Still Running Push Pull Legs? Time to Grow Up! (DO THIS INSTEAD),https://www.youtube.com/watch?v=drqT1M6XyUY,Enkiri Elite Fitness,"Fitness,Health,Sports,Entertainment","fitness,bodybuilding,health,workout,enkirielitefitness",497,27.00,68100,美国,Suspected,0.1341,22083,1121,184
04/06/2025,Solo Date Q&A,https://www.youtube.com/watch?v=cV9P93OlkDM,Mikee Rogers,"Food,VLOG,Fashion,Home","food,vlog,vlogger,lgbt,mukbang",139,27.00,18600,美国,Suspected,0.4518,2501,190,94
04/04/2025,10 Rules That Will Transform Your Home Gym Workouts,https://www.youtube.com/watch?v=WRBO6gyFaiw,Maguire’s Gym ,,,5,14.00,1950,其他,Suspected,0.1333,2490,112,22
04/01/2025,Which Rack Are You Choosing?? | RitFit Rack Face Off:  M1 2.0 vs Buffalo Rack,https://www.youtube.com/shorts/dGBkbpd0bX0,Luke’s Garage Gym,"Workout,Home,Travel,Health","fitness,budget,gym,gymequipment,titan",67,27.00,5580,美国,Suspected,0.0214,1077,23,0
03/30/2025,RitFit Racks Face Off - Which One Actually Delivers Results?,https://www.youtube.com/shorts/FcWaizjUBds,Luke’s Garage Gym,"Workout,Home,Travel,Health","fitness,budget,gym,gymequipment,titan",67,27.00,5580,美国,Suspected,0.0406,2192,29,6
03/28/2025,RitFit PLC01 REVIEW || My Experience with a Budget Leg Extension & Curl Machine (Is It Worth It? ),https://www.youtube.com/watch?v=_dA4MvWYmWk,Enkiri Elite Fitness,"Fitness,Health,Sports,Entertainment","fitness,bodybuilding,health,workout,enkirielitefitness",497,27.00,68100,美国,Suspected,0.0275,13084,110,25
03/28/2025,Budget Home Gym Equipment Face Off - M1 2.0 or Buffalo Rack from Ritfit,https://www.youtube.com/watch?v=Y4L4x8_QSuw,Luke’s Garage Gym,"Workout,Home,Travel,Health","fitness,budget,gym,gymequipment,titan",67,27.00,5580,美国,Suspected,0.2719,1725,59,41
03/22/2025,Why Conjugate Training Is the Ultimate Way to Train for Life (The Conjugate REVOLUTION!),https://www.youtube.com/watch?v=T9sw-Uqqs9w,Enkiri Elite Fitness,"Fitness,Health,Sports,Entertainment","fitness,bodybuilding,health,workout,enkirielitefitness",497,27.00,68100,美国,Suspected,0.1232,12268,602,91
03/18/2025,Merach NovaRow R50 REVIEW || Budget Rower That Beats a Concept2!? (My Honest Experience),https://www.youtube.com/watch?v=BGKqPLUTu0w,Enkiri Elite Fitness,"Fitness,Health,Sports,Entertainment","fitness,bodybuilding,health,workout,enkirielitefitness",497,27.00,68100,美国,Suspected,0.0157,10279,81,8
03/08/2025,"RitFit M1 Pro Review, Build & Demo | 10 Reasons It's the New King of All-In-One Budget Home Gyms!",https://www.youtube.com/watch?v=hQnUnk2xiFQ,Challenge Theory,"Health,Fitness,Sports","diet,transformation,fasting,health,lose weight",103,27.00,13200,美国,Suspected,0.0482,29137,613,79
03/08/2025,RITFIT Calls for Real Strength to Accelerate Action on International Women's Day,https://www.youtube.com/watch?v=Clwcq_-x9G0,RitFit.Sports,"Workout,Home,Health","fitness,home,workout,ritfit,homegym",100,27.00,4050,美国,Sponsored,0.0002,110374,8,1
03/07/2025,What I Eat in a Week | Realistic Dinners,https://www.youtube.com/watch?v=Nukdu4K26pE,Mikee Rogers,"Food,VLOG,Fashion,Home","food,vlog,vlogger,lgbt,mukbang",139,27.00,18600,美国,Suspected,0.3201,3202,195,83
03/07/2025,I wanna build a body that's UNSTOPPABLE (Global Carryover: The Key to Unlocking Your Full Potential),https://www.youtube.com/watch?v=81cD1eyVxxk,Enkiri Elite Fitness,"Fitness,Health,Sports,Entertainment","fitness,bodybuilding,health,workout,enkirielitefitness",497,27.00,68100,美国,Suspected,0.1236,22664,1262,154
02/28/2025,Early 40s Diaries | Baby Shower Decor Ideas,https://www.youtube.com/watch?v=HP3SrfK-mqc,Mikee Rogers,"Food,VLOG,Fashion,Home","food,vlog,vlogger,lgbt,mukbang",139,27.00,18600,美国,Suspected,0.3172,2623,152,68
02/25/2025,Stand Back!,https://www.youtube.com/shorts/COVAjCcclJQ,NoFate247,"Fitness,Home,Health,Food","nofate247,5f3b28f9517b0,a_aid,fitness,homegym",107,27.00,26100,美国,Suspected,0.1374,604,23,6
02/22/2025,"How to Train Like an Athlete in 2025: Get Faster, Stronger & More Explosive (The ULTIMATE Guide!)",https://www.youtube.com/watch?v=fuiuaRiZOPA,Enkiri Elite Fitness,"Fitness,Health,Sports,Entertainment","fitness,bodybuilding,health,workout,enkirielitefitness",497,27.00,68100,美国,Suspected,0.0408,28723,611,56
02/22/2025,A few cozy days in my life,https://www.youtube.com/watch?v=7Ps5YhozzKg,Mikee Rogers,"Food,VLOG,Fashion,Home","food,vlog,vlogger,lgbt,mukbang",139,27.00,18600,美国,Suspected,0.471,2998,202,121
02/21/2025,Watch This BEFORE Buying A Smith Machine For Your Home Gym! Ritfit Buffalo Smith Machine Review,https://www.youtube.com/watch?v=HZPAn3p6PPY,Luke’s Garage Gym,"Workout,Home,Travel,Health","fitness,budget,gym,gymequipment,titan",67,27.00,5580,美国,Suspected,0.0666,6055,73,33
02/21/2025,"HOME TOUR of our fully remodeled, average sized house in Colorado 🏡",https://www.youtube.com/watch?v=puBdhYtVT9k,kenzie mac,"Life Style,Home,DIY,Fashion","kenziemac,hobby,home,life style,prettyandpractical",1334,14.00,53900,其他,Suspected,0.0566,79242,2637,185
02/15/2025,DEATH BY PUSH-UPS (Intense Home Gym Calisthenics Workout!),https://www.youtube.com/watch?v=DvXWuLXBZZI,Enkiri Elite Fitness,"Fitness,Health,Sports,Entertainment","fitness,bodybuilding,health,workout,enkirielitefitness",497,27.00,68100,美国,Suspected,0.171,3205,168,38
02/14/2025,Home Decor Updates | Early 40s Diaries,https://www.youtube.com/watch?v=UMTiqpJbac0,Mikee Rogers,"Food,VLOG,Fashion,Home","food,vlog,vlogger,lgbt,mukbang",139,27.00,18600,美国,Suspected,0.2899,3153,204,71
02/14/2025,How To Assemble | RitFit RitFit BUFFALO Multifunctional Smith Machine,https://www.youtube.com/watch?v=14hxeBcleGM,RitFit.Sports,"Workout,Home,Health","fitness,home,workout,ritfit,homegym",100,27.00,4050,美国,Sponsored,0.0838,859,12,6
02/08/2025,The Best FREE Weighted Calisthenics Program (To Get Insanely Jacked & Strong in 2025!),https://www.youtube.com/watch?v=ZoQdp6C3y-w,Enkiri Elite Fitness,"Fitness,Health,Sports,Entertainment","fitness,bodybuilding,health,workout,enkirielitefitness",497,27.00,68100,美国,Suspected,0.0459,21587,480,51
02/07/2025,EXTREME HOME MAKEOVER! pt. 2 - entire house remodel from start to finish,https://www.youtube.com/watch?v=yK6AMYRO_mg,kenzie mac,"Life Style,Home,DIY,Fashion","kenziemac,hobby,home,life style,prettyandpractical",1334,14.00,53900,其他,Suspected,0.0508,53738,1390,134
02/06/2025,How Much I Made in 2024 as a Small Creator (And How To Make it Work),https://www.youtube.com/watch?v=cRbOEES9yIE,Mikee Rogers,"Food,VLOG,Fashion,Home","food,vlog,vlogger,lgbt,mukbang",139,27.00,18600,美国,Suspected,0.275,7443,457,159
02/04/2025,Nuestro GYM En Casa + Entrenando Después De Mucho Tiempo + Mi Bebé Tiene Problemas En La Piel,https://www.youtube.com/watch?v=Z6eaBVmwSxo,Carol Chang,"Haul,VLOG,Beauty,Fitness","vlogs,vlogsdiarios,vlogsdiariosdefamilias,mividadiaria,vlogstodoslosdias",350,27.00,330000,美国,Suspected,0.1841,8484,802,76
02/01/2025,Best value All in One Home Gym Power Rack | RitFit Buffalo Smith Machine Review,https://www.youtube.com/watch?v=IogTsS_hkvg,NoFate247,"Fitness,Home,Health,Food","nofate247,5f3b28f9517b0,a_aid,fitness,homegym",107,27.00,26100,美国,Suspected,0.2076,4567,138,81
02/01/2025,I Built My Dream Garage & Home Gym ONLY $2000,https://www.youtube.com/watch?v=GNt2zbRC-xY,RitFit.Sports,"Workout,Home,Health","fitness,home,workout,ritfit,homegym",100,27.00,4050,美国,Sponsored,0.037,2406,29,6
01/25/2025,"The HELLACIOUS HAMSTRINGS Vlog || Heavy Hamstrings, Fast Hamstrings, Volume, & Overload!",https://www.youtube.com/watch?v=NNHhpQLUH1I,Enkiri Elite Fitness,"Fitness,Health,Sports,Entertainment","fitness,bodybuilding,health,workout,enkirielitefitness",497,27.00,68100,美国,Suspected,0.1801,3037,187,36
01/25/2025,What it’s like to be a creator in your 40s,https://www.youtube.com/watch?v=rjg8v20tRSU,Mikee Rogers,"Food,VLOG,Fashion,Home","food,vlog,vlogger,lgbt,mukbang",139,27.00,18600,美国,Suspected,0.2906,3366,198,78
01/17/2025,"How to Become a Leg Day FREAK (The 6 Pillars to Insane Strength, Aesthetics, & Explosive Power)",https://www.youtube.com/watch?v=yzzuB_Xhyys,Enkiri Elite Fitness,"Fitness,Health,Sports,Entertainment","fitness,bodybuilding,health,workout,enkirielitefitness",497,27.00,68100,美国,Suspected,0.0111,140573,796,76
01/16/2025,"INSANE CALISTHENICS GAINS Vlog || Strength, Hypertrophy, & Muscular Endurance!",https://www.youtube.com/watch?v=huCwzCLJK1I,Enkiri Elite Fitness,"Fitness,Health,Sports,Entertainment","fitness,bodybuilding,health,workout,enkirielitefitness",497,27.00,68100,美国,Suspected,0.1659,3394,223,34
01/16/2025,It's hard to vlog when you're in a funk,https://www.youtube.com/watch?v=-SC4uVEMyB8,Mikee Rogers,"Food,VLOG,Fashion,Home","food,vlog,vlogger,lgbt,mukbang",139,27.00,18600,美国,Suspected,0.485,2569,216,103
01/11/2025,RitFit Buffalo Smith Machine Review: The Budget Beast You Need in Your Home Gym!,https://www.youtube.com/watch?v=N4hDIDWtEig,Maguire’s Gym ,,,5,14.00,1950,其他,Suspected,0.0097,12669,23,10
01/10/2025,Is RitFit's Attachment the Best Hack Squat for Your Home Gym?? FIND OUT!,https://www.youtube.com/watch?v=rPPE4rmECrA,Luke’s Garage Gym,"Workout,Home,Travel,Health","fitness,budget,gym,gymequipment,titan",67,27.00,5580,美国,Suspected,0.1999,4653,150,78
01/09/2025,Use Ritfit M1 Smith Machine Built Dream Garage & Home Gym,https://www.youtube.com/watch?v=0tdoxYjNp2M,RitFit.Sports,"Workout,Home,Health","fitness,home,workout,ritfit,homegym",100,27.00,4050,美国,Sponsored,0.0009,17424,15,0
01/09/2025,"RitFit PLC01 Leg Extension Curl Machine, the ultimate secret to shaping perfect legs.",https://www.youtube.com/watch?v=C0NZbqguYjM,RitFit.Sports,"Workout,Home,Health","fitness,home,workout,ritfit,homegym",100,27.00,4050,美国,Suspected,0.0006,22178,14,0
01/07/2025,Get Fit at Home: Complete DIY Gym Build Tutorial with RitFit Equipment,https://www.youtube.com/watch?v=R9GrkL8Kow8,Create 208,"Home,DIY,Life Style,Vehicle","house,shop,home,building,how to",198,14.00,78800,其他,Suspected,0.0479,8837,283,14
01/04/2025,"New Year, New Obsession | Pop Mart Diaries",https://www.youtube.com/watch?v=sgzwoEwyxY0,Mikee Rogers,"Food,VLOG,Fashion,Home","food,vlog,vlogger,lgbt,mukbang",139,27.00,18600,美国,Suspected,0.2385,3853,219,70
12/30/2024,2024 Equipment Review Compilation Video.,https://www.youtube.com/watch?v=5Sxh17CLa78,Maguire’s Gym ,,,5,14.00,1950,其他,Suspected,0.3619,210,16,6
12/28/2024,Survived my first year as an older content creator (in my 40s),https://www.youtube.com/watch?v=br7GVb5rsGk,Mikee Rogers,"Food,VLOG,Fashion,Home","food,vlog,vlogger,lgbt,mukbang",139,27.00,18600,美国,Suspected,0.3322,5126,323,138
12/28/2024,Never Lift Slow ON PURPOSE (Why Tempo Lifting is OVERRATED For Hypertrophy),https://www.youtube.com/watch?v=Xz1ezl2ndro,Enkiri Elite Fitness,"Fitness,Health,Sports,Entertainment","fitness,bodybuilding,health,workout,enkirielitefitness",497,27.00,68100,美国,Suspected,0.1699,11172,428,147
12/24/2024,New Obsession Unlocked: Pop Mart 😭,https://www.youtube.com/watch?v=FmRQyGvAUv0,Mikee Rogers,"Food,VLOG,Fashion,Home","food,vlog,vlogger,lgbt,mukbang",139,27.00,18600,美国,Suspected,0.2329,6487,341,117
12/18/2024,"Tiny Camera, Huge Potential | Insta360 GO 3S Vlog",https://www.youtube.com/watch?v=ct4qHoGCyxE,Mikee Rogers,"Food,VLOG,Fashion,Home","food,vlog,vlogger,lgbt,mukbang",139,27.00,18600,美国,Suspected,0.0764,23062,593,117
12/16/2024,The Perfect Full-Body Workout Using Only the Smith Machine,https://www.youtube.com/watch?v=o4JMOI38rUM,Brett Maverick,"Health,Fashion,Hairstyle,Beauty","looksmax,glowup,glowuptips,selfimprovement,tips",1004,14.00,1810000,其他,Suspected,0.0568,15221,494,37
12/14/2024,Why You’re Plateauing in the Gym (And How To BREAK THROUGH It!),https://www.youtube.com/watch?v=7T2aFhoRaIo,Enkiri Elite Fitness,"Fitness,Health,Sports,Entertainment","fitness,bodybuilding,health,workout,enkirielitefitness",497,27.00,68100,美国,Suspected,0.1157,6025,307,39
12/10/2024,The TRUTH About Sponsorships for Small Creators | Days in my life VLOG,https://www.youtube.com/watch?v=gT3RcVqxQRY,Mikee Rogers,"Food,VLOG,Fashion,Home","food,vlog,vlogger,lgbt,mukbang",139,27.00,18600,美国,Suspected,0.4125,3411,257,115
12/08/2024,How I Built the Ultimate Home Gym with RitFit,https://www.youtube.com/watch?v=gbNgcskXzOo,VICTORIA XAVIER,"Fashion,Clothing,Travel,VLOG","fashion,tryonhaul,clothing,try on,fashionnova",2573,27.00,639000,美国,Suspected,0.0937,24310,1497,78
12/07/2024,"FREAKY NATTY BACK Vlog || 365x8 Deficit Stiff Leg Deadlift, ATG Pause Hatfield Squat, 1 Leg Sit-ups",https://www.youtube.com/watch?v=QtMV1xofKFQ,Enkiri Elite Fitness,"Fitness,Health,Sports,Entertainment","fitness,bodybuilding,health,workout,enkirielitefitness",497,27.00,68100,美国,Suspected,0.1886,3452,201,45
12/06/2024,The New Gold Standard for Leg Ext/Curl Machines // Ritfit PLC01 Review!,https://www.youtube.com/watch?v=7ubloMC_1fk,Joey Suggs,"Food,Fitness,Health","food,fitness,health,fulldayofeating,r2r",157,27.00,66200,美国,Suspected,0.0751,6820,152,36
12/04/2024,Seasonal Change | Yardwork | Consignment Shopping | Friendsgiving,https://www.youtube.com/watch?v=NoYAQz_xTUI,Mikee Rogers,"Food,VLOG,Fashion,Home","food,vlog,vlogger,lgbt,mukbang",139,27.00,18600,美国,Suspected,0.2037,3648,203,54
11/30/2024,"Workout w/ RitFit, unboxing & home gym $2500 setup🔥",https://www.youtube.com/watch?v=itA_Q1I2Z8I,StephanieFitMarie,"Fitness,Fashion,Health,Clothing","fitness,fashion,stephaniefitmarie,lingerie,how to",102,27.00,78900,美国,Suspected,0.1329,7646,516,50
11/28/2024,Building the BEST with RitFit PLC01 Leg Extension Curl Machine,https://www.youtube.com/watch?v=NpC1hya4E3I,Jeff Does What!,"DIY,Pets,Unboxing,Fishing","diy,pets,aquarium,fish,texas fish room",166,27.00,31200,美国,Suspected,0.0576,8102,267,20
11/28/2024,"Life in my 40s, Watching Wicked, IKEA shopping",https://www.youtube.com/watch?v=SdtKR1CICg4,Mikee Rogers,"Food,VLOG,Fashion,Home","food,vlog,vlogger,lgbt,mukbang",139,27.00,18600,美国,Suspected,0.355,3132,202,91
11/27/2024,"EPIC NATTY DELTS Vlog || 160x10 Swiss Overhead Press, Epic Thick Rope Chins, Big Lu Raises",https://www.youtube.com/watch?v=ouDa4GtxPCY,Enkiri Elite Fitness,"Fitness,Health,Sports,Entertainment","fitness,bodybuilding,health,workout,enkirielitefitness",497,27.00,68100,美国,Suspected,0.2178,4027,237,64
11/26/2024,How to use | RitFit BUFFALO Multifunctional Smith Machine with Lat Pull Down and Cable Crossover,https://www.youtube.com/watch?v=1Fb_Cwra7WU,RitFit.Sports,"Workout,Home,Health","fitness,home,workout,ritfit,homegym",100,27.00,4050,美国,Sponsored,0.0025,403,1,0
11/26/2024,5 Reasons Why I Love the DJI Osmo Pocket 3 for Vlogging,https://www.youtube.com/watch?v=RTzBNWO64Jc,Mikee Rogers,"Food,VLOG,Fashion,Home","food,vlog,vlogger,lgbt,mukbang",139,27.00,18600,美国,Suspected,0.384,3490,230,111
11/23/2024,Entrena Piernas y Glúteos Conmigo y Comidas Pre/Post,https://www.youtube.com/watch?v=VqaMLDa5QO4,Aitza Fitness,"Fitness,Health,Food,Smartphone","fitness,health,bajardepeso,food,como bajar de peso",140,27.00,286000,美国,Suspected,0.099,3304,147,18
11/23/2024,This DANGEROUS Lift Will Turn You Into a BEHEMOTH (and Bulletproof Your Back Too),https://www.youtube.com/watch?v=VindHWk6Ipo,Enkiri Elite Fitness,"Fitness,Health,Sports,Entertainment","fitness,bodybuilding,health,workout,enkirielitefitness",497,27.00,68100,美国,Suspected,0.3257,5806,501,139
11/22/2024,Live Q&A with RitFit and Bells of Steel | Up Way Too Early with Garage Gym Life,https://www.youtube.com/watch?v=1UUcrtjtA8Y,Garage Gym Life,"Workout,Health,Home,Sports","fitness,bodybuilding,garagegymlifemedia,garagegym,garagegymlife",142,27.00,58900,美国,Suspected,0.1487,2341,128,22
11/21/2024,Vlogging like I have a million subscribers to get rid of imposter syndrome,https://www.youtube.com/watch?v=pxd0BifVQ0Q,Mikee Rogers,"Food,VLOG,Fashion,Home","food,vlog,vlogger,lgbt,mukbang",139,27.00,18600,美国,Suspected,0.2153,8712,436,144
11/19/2024,New arrivals| RitFit BUFFALO Multifunctional Smith Machine,https://www.youtube.com/watch?v=XEv_Gm5WL2Q,RitFit.Sports,"Workout,Home,Health","fitness,home,workout,ritfit,homegym",100,27.00,4050,美国,Sponsored,0.0292,3492,12,9
11/15/2024,RitFit PLC01 Leg Extension & Curl Machine Review: Best Budget Option for Home Gyms?,https://www.youtube.com/watch?v=Sbu9yyLH8Tc,The Kurt Locker,"Fitness,Home,Health","homegym,garagegym,fitness,home,strongman",76,27.00,8810,美国,Suspected,0.1729,8323,219,122
11/15/2024,QUAD AND GLUTE FOCUSED WORKOUT LEAVING MY LEGS SHAKING!!,https://www.youtube.com/watch?v=V4yMK7tr67k,Teriana Jacobs,"Fashion,Clothing,Fitness,Health","fashion,clothing,fitness,how to,viral",79,27.00,312000,美国,Suspected,0.1358,2232,183,12
11/14/2024,RitFit BLP01 45 Degree 3-In-1 Leg Press Hack Squat and Calf Raise Machine,https://www.youtube.com/watch?v=jHPwexFNUEA,"911Studios - Shopping, Gadgets & Tech","Technology,Hobby","911reviews,elitedemonstrations,productreviews,amazoninfluencer,product",1288,27.00,997000,美国,Suspected,0.1263,48156,5073,101
11/12/2024,The Easiest Way to Start Vlogging,https://www.youtube.com/watch?v=hqbGdm2B8V4,Mikee Rogers,"Food,VLOG,Fashion,Home","food,vlog,vlogger,lgbt,mukbang",139,27.00,18600,美国,Suspected,0.1249,9809,265,96
11/11/2024,PRANKING SEAN FOR VETERANS DAY!!,https://www.youtube.com/watch?v=MB6ZP5eASXo,Sean and Sierra,"Fun,Pregnancy,Military,Couple","surprise,fun,pregnancy,marriage,love",364,27.00,448000,美国,Suspected,0.1738,6380,549,56
11/11/2024,Mikolo M4 All-in-One Smith Machine Review,https://www.youtube.com/watch?v=Aqq6o2Bvqsc,Design. Build. Lift.,"Fitness,Health,DIY","fitness,health,diy,gym,diy fitness club",60,27.00,12900,美国,Suspected,0.0876,14479,198,107
11/09/2024,Why You Should Do BEHIND THE NECK Presses (CAPPED NATTY DELTS!),https://www.youtube.com/watch?v=3s17QjC4_qA,Enkiri Elite Fitness,"Fitness,Health,Sports,Entertainment","fitness,bodybuilding,health,workout,enkirielitefitness",497,27.00,68100,美国,Suspected,0.0131,294287,1479,238
11/08/2024,RitFit A-Frame Dumbbell Storage Rack Stand 3/5/6 Pairs,https://www.youtube.com/watch?v=FmTHV4-QuUs,RitFit.Sports,"Workout,Home,Health","fitness,home,workout,ritfit,homegym",100,27.00,4050,美国,Suspected,0,30,0,0
11/07/2024,"The ""How Much Ya Front Squat?"" Vlog || 405 Front Squat, 315x10 Deficit RDL, Power Snatch, & Sprints",https://www.youtube.com/watch?v=9gwRnGcpSsY,Enkiri Elite Fitness,"Fitness,Health,Sports,Entertainment","fitness,bodybuilding,health,workout,enkirielitefitness",497,27.00,68100,美国,Suspected,0.1776,3468,216,40
11/06/2024,New Arrivals | RitFit Pink A-Frame Dumbbell Storage Rack Stand 5 Pairs,https://www.youtube.com/watch?v=D5WnvEU5UPk,RitFit.Sports,"Workout,Home,Health","fitness,home,workout,ritfit,homegym",100,27.00,4050,美国,Sponsored,0.0206,97,2,0
11/05/2024,Day in My Life as a Small YouTuber in San Diego,https://www.youtube.com/watch?v=YrPx8u0bkBI,Mikee Rogers,"Food,VLOG,Fashion,Home","food,vlog,vlogger,lgbt,mukbang",139,27.00,18600,美国,Suspected,0.248,7246,327,147
11/02/2024,Why You Should Do DELOAD Push-ups (3 Key Benefits You've NEVER HEARD!),https://www.youtube.com/watch?v=c2l5OuBbzqo,Enkiri Elite Fitness,"Fitness,Health,Sports,Entertainment","fitness,bodybuilding,health,workout,enkirielitefitness",497,27.00,68100,美国,Suspected,0.0296,26927,277,52
11/02/2024,Fastest Home Gym Setup,https://www.youtube.com/shorts/rqatIAJ-SW4,Kali Muscle,"Vehicle,Food,Fitness,Health","cars,vehicle,food,dodge,hellcat",948,27.00,3930000,美国,Suspected,0.0818,4732,217,17
11/02/2024,Best 3 in 1 Lower Body Home Workout Machine,https://www.youtube.com/watch?v=Mjkcn7lvx4E,Janine Delaney,"Fashion,Health,Fitness","fashion,health,fashionnova,fitness,fitover50",5284,27.00,102000,美国,Suspected,0.0585,95457,4493,109
10/30/2024,Life in my 40s | New favorite vlog lens and giveaway,https://www.youtube.com/watch?v=eauYxwH-aJI,Mikee Rogers,"Food,VLOG,Fashion,Home","food,vlog,vlogger,lgbt,mukbang",139,27.00,18600,美国,Suspected,0.6069,3770,288,200
10/30/2024,RitFit Leg Extension Curl Machine Review: the Best Leg Extension Leg Curl Machine for Home Gyms?,https://www.youtube.com/watch?v=nZtYbG9_R7A,Luke’s Garage Gym,"Workout,Home,Travel,Health","fitness,budget,gym,gymequipment,titan",67,27.00,5580,美国,Suspected,0.2047,3967,142,67
10/24/2024,I'm Getting Big Again with New Workout Machines,https://www.youtube.com/watch?v=zoJJz4gXD_E,Kali Muscle,"Vehicle,Food,Fitness,Health","cars,vehicle,food,dodge,hellcat",948,27.00,3930000,美国,Suspected,0.0786,37998,1076,191
10/21/2024,The BEST BUDGET All-in-one Power Rack! RitFit Sports M1 2.0 review.,https://www.youtube.com/watch?v=6BdaxOcfzSA,Maguire’s Gym ,,,5,14.00,1950,其他,Suspected,0.0914,394,16,2
10/21/2024,"RitFit Sports M1 2.0, arguably one of the BEST BUDGET ALL-IN-ONE POWERRACKS!! #garagegym #powerrack",https://www.youtube.com/shorts/Ec1vNt4gBO8,Maguire’s Gym ,,,5,14.00,1950,其他,Suspected,0.0126,633,8,0
10/20/2024,@dtcordonnier My Fitness Journey with RITFIT M1 2.0,https://www.youtube.com/watch?v=BiBtkPT99_w,RitFit.Sports,"Workout,Home,Health","fitness,home,workout,ritfit,homegym",100,27.00,4050,美国,Sponsored,0.0052,2694,4,1
10/19/2024,Getting a New Puppy Vlog | Realistic First Week,https://www.youtube.com/watch?v=t4nHzoJ68Do,Mikee Rogers,"Food,VLOG,Fashion,Home","food,vlog,vlogger,lgbt,mukbang",139,27.00,18600,美国,Suspected,0.3702,2666,167,82
10/19/2024,Why I STOPPED Wearing Knee Sleeves...and then STARTED Again! (My Knee Pain Story),https://www.youtube.com/watch?v=Rj90Y_kjJE0,Enkiri Elite Fitness,"Fitness,Health,Sports,Entertainment","fitness,bodybuilding,health,workout,enkirielitefitness",497,27.00,68100,美国,Suspected,0.0501,21200,263,80
10/16/2024,RITFIT SPORTS Power Rack Review || My Experience with the M1 Smith Machine 2.0 (ALL-IN-ONE Home Gym),https://www.youtube.com/watch?v=suk_Ipv-8lI,Enkiri Elite Fitness,"Fitness,Health,Sports,Entertainment","fitness,bodybuilding,health,workout,enkirielitefitness",497,27.00,68100,美国,Suspected,0.0254,17528,136,31
10/12/2024,I Built My Dream Garage & Home Gym,https://www.youtube.com/watch?v=vM_Yddym2Ys,Will Hall,"Film,Consumer Electronic,Technology,Camera","editing,film,software,filmmaking,sony",392,27.00,18800,美国,Suspected,0.0219,489612,7618,312
10/11/2024,Affordable All in One Rack Upgrades with the Ritfit M1 2.0!  #homegymequipment  #homefitness,https://www.youtube.com/shorts/sZ3TQtK5cEM,Luke’s Garage Gym,"Workout,Home,Travel,Health","fitness,budget,gym,gymequipment,titan",67,27.00,5580,美国,Suspected,0.0129,1781,23,0
10/08/2024,Days in the life of an older content creator,https://www.youtube.com/watch?v=GXWAgiXXNwA,Mikee Rogers,"Food,VLOG,Fashion,Home","food,vlog,vlogger,lgbt,mukbang",139,27.00,18600,美国,Suspected,0.2283,4319,216,77
10/05/2024,I wanna get jacked while doing almost NOTHING! (Why Your Base is the Most Important Thing of All),https://www.youtube.com/watch?v=_iIvclAGKEo,Enkiri Elite Fitness,"Fitness,Health,Sports,Entertainment","fitness,bodybuilding,health,workout,enkirielitefitness",497,27.00,68100,美国,Suspected,0.0936,24409,885,140
09/30/2024,RitFit M1 2 0 Review! *10+ changes and upgrades*,https://www.youtube.com/watch?v=Yb-S7h-7qEM,Joey Suggs,"Food,Fitness,Health","food,fitness,health,fulldayofeating,r2r",157,27.00,66200,美国,Suspected,0.0468,12916,245,36
09/25/2024,Major Fitness Spirit B52 REVIEW || My Experience with an All-in-One Home Gym SMITH MACHINE!,https://www.youtube.com/watch?v=S1eNR0RKDLg,Enkiri Elite Fitness,"Fitness,Health,Sports,Entertainment","fitness,bodybuilding,health,workout,enkirielitefitness",497,27.00,68100,美国,Suspected,0.0964,3994,115,27
09/25/2024,"A Chatty Vlog | life update, PR unboxings, new vlog camera, new iPhone 16 pro max",https://www.youtube.com/watch?v=eGAQoVcey3U,Mikee Rogers,"Food,VLOG,Fashion,Home","food,vlog,vlogger,lgbt,mukbang",139,27.00,18600,美国,Suspected,0.1643,8587,331,108
09/24/2024,New Arrivals | RitFit PLC01 Leg Extension and Curl Machine,https://www.youtube.com/watch?v=YTFO3MUn5R4,RitFit.Sports,"Workout,Home,Health","fitness,home,workout,ritfit,homegym",100,27.00,4050,美国,Sponsored,0.0689,1872,19,11
09/20/2024,3 NATTY APPROVED Exercises To Blow Up Your Front Squat (Stronger Than LU XIAOJUN!),https://www.youtube.com/watch?v=tczf0QGHSFA,Enkiri Elite Fitness,"Fitness,Health,Sports,Entertainment","fitness,bodybuilding,health,workout,enkirielitefitness",497,27.00,68100,美国,Suspected,0.065,17519,328,81
09/18/2024,Toughfit - Barbell Review and Details,https://www.youtube.com/watch?v=DyG7IKdXGg4,GearChase (GearChase.com),"Vehicle,Consumer Electronic,Hobby","review,vehicle,bicycle,gearchase.com,gearchase",90,27.00,7340,美国,Suspected,0.0141,71,1,0
09/16/2024,Toughfit - Review and Details of the Large Plyo Box,https://www.youtube.com/watch?v=XnXbcH7JSMg,GearChase (GearChase.com),"Vehicle,Consumer Electronic,Hobby","review,vehicle,bicycle,gearchase.com,gearchase",90,27.00,7340,美国,Suspected,0.0273,110,3,0
09/16/2024,Toughfit - Could be the best home gym dumb bell,https://www.youtube.com/watch?v=yS0bxL7lZ5w,GearChase (GearChase.com),"Vehicle,Consumer Electronic,Hobby","review,vehicle,bicycle,gearchase.com,gearchase",90,27.00,7340,美国,Suspected,0.037,81,3,0
09/16/2024,Toughfit - Wall Ball Functional Training Weighted Balls Review,https://www.youtube.com/watch?v=F0pPihyLzgs,GearChase (GearChase.com),"Vehicle,Consumer Electronic,Hobby","review,vehicle,bicycle,gearchase.com,gearchase",90,27.00,7340,美国,Suspected,0.0313,32,1,0
09/14/2024,@ritfit.sports M1 Version 2.0 Out Now! Huge upgrades! #homegym #garagegym #ritfit,https://www.youtube.com/shorts/RjV4mUJP7Bk,Design. Build. Lift.,"Fitness,Health,DIY","fitness,health,diy,gym,diy fitness club",60,27.00,12900,美国,Suspected,0.0328,11631,262,12
09/12/2024,RitFit Leg Press Hack Squat Machine Review Professional Adjustable Leg Press Machine for Home Gym,https://www.youtube.com/shorts/UnWfYCH8a7I,Valentine Lewis,"Beauty,Fashion,Consumer Electronic,Jewelry","beauty,fashion,ad,consumer electronic,jewelry",1885,27.00,271000,美国,Suspected,0.0793,25671,1626,41
09/12/2024,RitFit 2-In-1 Leg Press And Hack Squat Machine: The Key to Stronger Legs,https://www.youtube.com/watch?v=7oCxyZ7EuZM,RitFit.Sports,"Workout,Home,Health","fitness,home,workout,ritfit,homegym",100,27.00,4050,美国,Sponsored,0.0001,42377,5,0
09/12/2024,The Charm of Leg Press Workouts #ritfitsports #sports#homegym,https://www.youtube.com/shorts/0_AitBiqeH4,RitFit.Sports,"Workout,Home,Health","fitness,home,workout,ritfit,homegym",100,27.00,4050,美国,Sponsored,0.0115,1392,16,0
09/12/2024,RitFit 2-In-1 Leg Press And Hack Squat Machine: The Key to Stronger Legs,https://www.youtube.com/watch?v=Y_VYVeXB3Io,RitFit.Sports,"Workout,Home,Health","fitness,home,workout,ritfit,homegym",100,27.00,4050,美国,Sponsored,0.001,4005,4,0
09/12/2024,Professional fitness starts with choosing the Ritfit PPC02 Power Cage #homegymequipment,https://www.youtube.com/shorts/TGHIoV9m2YY,RitFit.Sports,"Workout,Home,Health","fitness,home,workout,ritfit,homegym",100,27.00,4050,美国,Suspected,0.0112,16718,188,0
09/12/2024,RitFit P6 All-In-One Pink Home Gym Package,https://www.youtube.com/watch?v=CoNDrrQmT_s,RitFit.Sports,"Workout,Home,Health","fitness,home,workout,ritfit,homegym",100,27.00,4050,美国,Suspected,0,121,0,0
09/12/2024,"RitFit PPC03 Power Cage Home Gym Package, Make Workout Easy and Fun",https://www.youtube.com/watch?v=C1utm7-nMbo,RitFit.Sports,"Workout,Home,Health","fitness,home,workout,ritfit,homegym",100,27.00,4050,美国,Sponsored,0.0005,41435,20,0
09/12/2024,RitFit Leg Press Hack Squat Machine Review Professional Adjustable Leg Press Machine for Home Gym,https://www.youtube.com/watch?v=5t-2C-ZtU_A,Valentine Lewis,"Beauty,Fashion,Consumer Electronic,Jewelry","beauty,fashion,ad,consumer electronic,jewelry",1885,27.00,271000,美国,Suspected,0.0567,34716,1188,78
09/09/2024,Why These All-in-One Trainers Are So Popular w/ RITFIT M1 2.0 Machine Package Review,https://www.youtube.com/watch?v=DnutzpjqGAc,Hybrid Resistance,"Health,Fitness","health,fitness,total gym,sliding bench trainer,gr8flex",171,27.00,60600,美国,Suspected,0.133,4219,141,42
09/09/2024,😡 I Got The Wrong RitFit M1 Smith Machine!,https://www.youtube.com/watch?v=5ILX6XjJ5bs,Usawa Fitness Garage Gym Reviews,"Fitness,Health","fitness,health,gym,home gym,home workout",92,27.00,10200,美国,Suspected,0.1767,1930,71,27
09/09/2024,Is Getting In Shape In Your 40s Even Possible?,https://www.youtube.com/watch?v=KXsrPenBoLs,Mikee Rogers,"Food,VLOG,Fashion,Home","food,vlog,vlogger,lgbt,mukbang",139,27.00,18600,美国,Suspected,0.2766,2448,177,50
09/07/2024,Rowing My Way to PEAK Hybrid Athlete || JOYSONG Home Gym Cube Rower Review!,https://www.youtube.com/watch?v=vjIpnWTL6ZY,Enkiri Elite Fitness,"Fitness,Health,Sports,Entertainment","fitness,bodybuilding,health,workout,enkirielitefitness",497,27.00,68100,美国,Suspected,0.1095,3534,87,30
09/04/2024,This Hack Squat Attachment Will TRANSFORM Your Home Gym (RitFit AT02 Hack Squat Attachment REVIEW!),https://www.youtube.com/watch?v=NQsNleT4q08,Enkiri Elite Fitness,"Fitness,Health,Sports,Entertainment","fitness,bodybuilding,health,workout,enkirielitefitness",497,27.00,68100,美国,Suspected,0.1334,5699,170,59
08/31/2024,RitFit M1 Smith Machine: Worth the Hype? Let's Find Out!,https://www.youtube.com/watch?v=WnsG2t8smZI,Usawa Fitness Garage Gym Reviews,"Fitness,Health","fitness,health,gym,home gym,home workout",92,27.00,10200,美国,Suspected,0.2882,1433,43,37
08/31/2024,3 Anti-Science Exercises Guaranteed to Blow Up Your Deadlift (#3 Will Shock You!),https://www.youtube.com/watch?v=4Y9Hp6x8NY0,Enkiri Elite Fitness,"Fitness,Health,Sports,Entertainment","fitness,bodybuilding,health,workout,enkirielitefitness",497,27.00,68100,美国,Suspected,0.0221,89396,629,135
08/20/2024,The Truth About #RitFit Leg & Hack Squat Machine,https://www.youtube.com/watch?v=br1Wznsg9kE,Aviator’s Garage,,,64,27.00,3730,美国,Suspected,0.1822,428,8,7
08/20/2024,BUILDING MY PREGNANT WIFE A HOME GYM! | RITFIT,https://www.youtube.com/watch?v=1S7nrAhk9lk,Life with the Shorts ,"Entertainment,Couple,Funny,Pregnancy","entertainment,roadto1million,dandnae,onluv,couple",901,27.00,915000,美国,Suspected,0.1522,14130,1180,97
08/14/2024,Rep Ares 2.0 vs Rogue FM-HR Power Rack | 🚩 Home Gym Week in Review,https://www.youtube.com/shorts/Zw5Uy29edwo,NoFate247,"Fitness,Home,Health,Food","nofate247,5f3b28f9517b0,a_aid,fitness,homegym",107,27.00,26100,美国,Suspected,0.0179,1008,18,0
08/10/2024,RitFit Leg Press Hack Squat Combo Review,https://www.youtube.com/watch?v=cUjohY8S6XM,ACHV PEAK,"Fitness,Home,Health,Entertainment","fitness,dumbbellworkout,home workout,athomeworkout,home",103,27.00,287000,美国,Suspected,0.0326,12417,255,15
08/10/2024,athlete girl talk | body image + competing with periods,https://www.youtube.com/watch?v=QwWobKbPcVs,Cathy Ding,"Sports,Fashion,VLOG,Hobby","figureskating,skating,sports,fashion,vlog",256,27.00,22600,美国,Suspected,0.2315,648,40,11
08/08/2024,M1 2.0 Smith Machine Assembly Instruction,https://www.youtube.com/watch?v=KCq9xceh0eA,RitFit.Sports,"Workout,Home,Health","fitness,home,workout,ritfit,homegym",100,27.00,4050,美国,Suspected,0.0162,2342,18,2
08/07/2024,Upgrade M1 2.0 Multi-functional Smith Machine |Your Fitness Evolution,https://www.youtube.com/watch?v=T63_7YiGvrk,RitFit.Sports,"Workout,Home,Health","fitness,home,workout,ritfit,homegym",100,27.00,4050,美国,Suspected,0.025,2364,19,4
08/06/2024,How to use| RitFit Colorful Training Barbell Weight Lifting Bar,https://www.youtube.com/watch?v=jRxTAh2C4F0,RitFit.Sports,"Workout,Home,Health","fitness,home,workout,ritfit,homegym",100,27.00,4050,美国,Suspected,0.009,223,2,0
08/05/2024,Is This $700 Leg Press Hack Squat Any Good? RitFit 2-In-1 Leg Machine Review,https://www.youtube.com/watch?v=82ul0Ee9Lnk,Matt Pendergraph,"Fitness,Home,Health,DIY","garagegym,garagegymreviews,fitness,gym,exercise",102,27.00,8000,美国,Suspected,0.0996,6304,198,43
08/03/2024,How Chasing Maximal Progress Can HINDER Your Gains (SERIOUSLY!),https://www.youtube.com/watch?v=scmGwBfcCSk,Enkiri Elite Fitness,"Fitness,Health,Sports,Entertainment","fitness,bodybuilding,health,workout,enkirielitefitness",497,27.00,68100,美国,Suspected,0.1492,5052,274,48
08/01/2024,Did it survive the Ladder drop?!   @ritfit.sports #shorts  #homegym,https://www.youtube.com/shorts/wPmDnWoWYrE,NoFate247,"Fitness,Home,Health,Food","nofate247,5f3b28f9517b0,a_aid,fitness,homegym",107,27.00,26100,美国,Suspected,0.1212,586,21,5
07/30/2024,DREAM HOME GYM MAKEOVER! transforming our garage into a functional home gym!,https://www.youtube.com/watch?v=CmjQB5iHi84,kenzie mac,"Life Style,Home,DIY,Fashion","kenziemac,hobby,home,life style,prettyandpractical",1334,14.00,53900,其他,Suspected,0.1535,6190,410,54
07/28/2024,Start your home fitness journey right now!,https://www.youtube.com/shorts/kbFD25_n-SY,RitFit.Sports,"Workout,Home,Health","fitness,home,workout,ritfit,homegym",100,27.00,4050,美国,Suspected,0,53,0,0
07/27/2024,Home Gym Extreme Makeover: Home Gym DIY Remodel & Gym Tour,https://www.youtube.com/watch?v=c8Ko6VuALAA,Design. Build. Lift.,"Fitness,Health,DIY","fitness,health,diy,gym,diy fitness club",60,27.00,12900,美国,Suspected,0.0955,8407,223,58
07/22/2024,How to better use| RitFit PVC-Coated Round Head Dumbbells Set With Rack,https://www.youtube.com/watch?v=ZOD3Da69NX0,RitFit.Sports,"Workout,Home,Health","fitness,home,workout,ritfit,homegym",100,27.00,4050,美国,Suspected,0,84,0,0
07/21/2024,Dream DIY GARAGE GYM Makeover with RITFIT,https://www.youtube.com/watch?v=qeb6lR68kGw,Why Knot Build It,,,146,27.00,844,美国,Suspected,0.1127,3968,97,35
07/20/2024,Maximize Your Home Gym Workout with RITFIT M1 SMITH MACHINE,https://www.youtube.com/watch?v=l4369k2mzIQ,Clark Bartram,"Health,Fitness,Food","health,fitness,clark bartram fitness,clark bartram,clark bartram workout",99,27.00,17500,美国,Suspected,0.0538,2250,31,9
